request_id,team,batch_id,title,build_scope,priority,status,owner,reviewer,target_milestone,source_ids,asset_ids,brief_path,depends_on,acceptance_gate,evidence
REQ-ART-2026-0001,ART,BATCH-VS01,버티컬 슬라이스 아트 대표 제작,vertical_slice,P1,READY_FOR_ACCEPTANCE,210,gatam,PROD_01_VERTICAL_SLICE,M2_BEDROOM;M1_LIBRARY_OUTER;M1_GREAT_CLOCK;A1;A2;B3_A;B3_B;NORMAL_RESET;VS01_S2_PREVIEW,ART_BG_M2_BEDROOM;ART_OVR_M2_BEDROOM;ART_OBJ_BEDROOM_BED;ART_OBJ_SUBJECT_NOTEBOOK_SIM;ART_BG_M1_LIBRARY_OUTER;ART_OVR_M1_LIBRARY_OUTER;ART_OBJ_LIBRARY_OUTER_SHELVES;ART_OBJ_LIBRARY_RECORD_CLOCK;ART_BG_M1_GREAT_CLOCK;ART_OVR_M1_GREAT_CLOCK;ART_PUZ_B3_A_PANEL;VFX_PUZ_B3_A_STATE;ART_PUZ_B3_B_PANEL;VFX_PUZ_B3_B_STATE;ART_EVT_NORMAL_RESET;UI_DIALOGUE;UI_NOTEBOOK;UI_PUZZLE_COMMON;ART_CHR_EDGAR_PORTRAIT;ART_CHR_EDGAR_POSE;VFX_SIG_EDGAR;VFX_SIG_SUBJECT,docs/requests/REQ-ART-2026-0001_버티컬슬라이스.md,PB-006;PB-016,TEAM_ACK+CAPACITY+SCOPE_CONFIRM,request_revision=1
REQ-AUD-2026-0001,AUD,BATCH-VS01,버티컬 슬라이스 사운드 대표 제작,vertical_slice,P1,READY_FOR_ACCEPTANCE,NOne,gatam,PROD_01_VERTICAL_SLICE,M2_BEDROOM;M1_LIBRARY_OUTER;M1_GREAT_CLOCK;A1;A2;B3_A;B3_B;NORMAL_RESET;BSHORT;VS01_S2_PREVIEW,AUD_AMB_M2_BEDROOM;AUD_AMB_M1_LIBRARY_OUTER;AUD_AMB_M1_GREAT_CLOCK;BGM_S0_ROUTINE;BGM_S1_SUSPICION;BGM_S2_LEAK;AUD_PUZ_B3_A;AUD_PUZ_B3_B;AUD_EVT_NORMAL_RESET;AUD_SIG_EDGAR;SFX_NORMAL_RESET_SLEEP;SFX_NORMAL_RESET_COMMIT;SFX_CLOCK_BELL_13;SFX_CLOCK_NETWORK_LOCK;SFX_NOTEBOOK_WRITE;SFX_SHORTCUT_CONFIRM;SFX_UI_FOCUS;SFX_UI_CONFIRM;SFX_UI_CANCEL,docs/requests/REQ-AUD-2026-0001_버티컬슬라이스.md,PB-016,TEAM_ACK+CAPACITY+SCOPE_CONFIRM,request_revision=1
REQ-CNT-2026-0001,CNT,BATCH-VS01,버티컬 슬라이스 대사·상호작용 원문,vertical_slice,P1,READY_FOR_ACCEPTANCE,gatam,beru,PROD_01_VERTICAL_SLICE,A1;A2;B3_A;B3_B;BF;BSHORT;NORMAL_RESET;MEM_EDGAR_B3_FAILURE_01;VS01_S2_PREVIEW,,docs/requests/REQ-CNT-2026-0001_버티컬슬라이스.md,PB-006;PB-014;PB-017,TEAM_ACK+CAPACITY+SCOPE_CONFIRM,request_revision=1
REQ-ART-2026-0002,ART,BATCH-DEMO02,공개 데모 잔여 아트,demo_remainder,P2,PLANNED,210,gatam,M2_DEMO_COMPLETE,DEMO_REMAINDER,,TBD,REQ-ART-2026-0001,VS01_THROUGHPUT_RECORDED,scope_from=asset_manifest.csv
REQ-AUD-2026-0002,AUD,BATCH-DEMO02,공개 데모 잔여 사운드,demo_remainder,P2,PLANNED,NOne,gatam,M2_DEMO_COMPLETE,DEMO_REMAINDER,,TBD,REQ-AUD-2026-0001,VS01_THROUGHPUT_RECORDED,scope_from=asset_manifest.csv
REQ-CNT-2026-0002,CNT,BATCH-DEMO02,공개 데모 잔여 콘텐츠 원문,demo_remainder,P2,PLANNED,gatam,beru,M2_DEMO_COMPLETE,DEMO_REMAINDER,,TBD,REQ-CNT-2026-0001,VS01_STRING_THROUGHPUT_RECORDED,scope_from=v04_event_registry
REQ-ART-2026-0003,ART,BATCH-FULL03,본편 전용 아트,full_only,P2,PLANNED,210,gatam,FULL_CONTENT_LOCK,FULL_ONLY,,TBD,REQ-ART-2026-0002,DEMO_PRODUCTION_RATE_ACCEPTED,scope_from=asset_manifest.csv
REQ-AUD-2026-0003,AUD,BATCH-FULL03,본편 전용 사운드,full_only,P2,PLANNED,NOne,gatam,FULL_CONTENT_LOCK,FULL_ONLY,,TBD,REQ-AUD-2026-0002,DEMO_PRODUCTION_RATE_ACCEPTED,scope_from=asset_manifest.csv
REQ-CNT-2026-0003,CNT,BATCH-FULL03,본편 전용 콘텐츠 원문,full_only,P2,PLANNED,gatam,beru,FULL_CONTENT_LOCK,FULL_ONLY,,TBD,REQ-CNT-2026-0002,DEMO_STRING_RATE_ACCEPTED,scope_from=v04_event_registry
