asset_id,source_entity_id,asset_type,variant,build_scope,required,unit_count,status,is_placeholder,owner,reviewer,target_milestone,license_id,evidence
ART_BG_M2_BEDROOM,M2_BEDROOM,background,base,demo_full,true,1,PLANNED,true,210,gatam,M2_DEMO_COMPLETE,TBD,
ART_OVR_M2_BEDROOM,M2_BEDROOM,world_overlay,phase_pack,demo_full,true,1,PLANNED,true,210,gatam,M2_DEMO_COMPLETE,TBD,
AUD_AMB_M2_BEDROOM,M2_BEDROOM,ambient_audio,base_loop,demo_full,true,1,PLANNED,true,NOne,gatam,M2_DEMO_COMPLETE,TBD,
ART_BG_M2_UPPER_HALL,M2_UPPER_HALL,background,base,demo_full,true,1,PLANNED,true,210,gatam,M2_DEMO_COMPLETE,TBD,
ART_OVR_M2_UPPER_HALL,M2_UPPER_HALL,world_overlay,phase_pack,demo_full,true,1,PLANNED,true,210,gatam,M2_DEMO_COMPLETE,TBD,
AUD_AMB_M2_UPPER_HALL,M2_UPPER_HALL,ambient_audio,base_loop,demo_full,true,1,PLANNED,true,NOne,gatam,M2_DEMO_COMPLETE,TBD,
ART_BG_M2_STAIR_LANDING,M2_STAIR_LANDING,background,base,demo_full,true,1,PLANNED,true,210,gatam,M2_DEMO_COMPLETE,TBD,
ART_OVR_M2_STAIR_LANDING,M2_STAIR_LANDING,world_overlay,phase_pack,demo_full,true,1,PLANNED,true,210,gatam,M2_DEMO_COMPLETE,TBD,
AUD_AMB_M2_STAIR_LANDING,M2_STAIR_LANDING,ambient_audio,base_loop,demo_full,true,1,PLANNED,true,NOne,gatam,M2_DEMO_COMPLETE,TBD,
ART_BG_M1_CENTRAL_HALL,M1_CENTRAL_HALL,background,base,demo_full,true,1,PLANNED,true,210,gatam,M2_DEMO_COMPLETE,TBD,
ART_OVR_M1_CENTRAL_HALL,M1_CENTRAL_HALL,world_overlay,phase_pack,demo_full,true,1,PLANNED,true,210,gatam,M2_DEMO_COMPLETE,TBD,
AUD_AMB_M1_CENTRAL_HALL,M1_CENTRAL_HALL,ambient_audio,base_loop,demo_full,true,1,PLANNED,true,NOne,gatam,M2_DEMO_COMPLETE,TBD,
ART_BG_M1_PARLOR,M1_PARLOR,background,base,demo_full,true,1,PLANNED,true,210,gatam,M2_DEMO_COMPLETE,TBD,
ART_OVR_M1_PARLOR,M1_PARLOR,world_overlay,phase_pack,demo_full,true,1,PLANNED,true,210,gatam,M2_DEMO_COMPLETE,TBD,
AUD_AMB_M1_PARLOR,M1_PARLOR,ambient_audio,base_loop,demo_full,true,1,PLANNED,true,NOne,gatam,M2_DEMO_COMPLETE,TBD,
ART_BG_M1_MIRROR_GALLERY,M1_MIRROR_GALLERY,background,base,demo_full,true,1,PLANNED,true,210,gatam,M2_DEMO_COMPLETE,TBD,
ART_OVR_M1_MIRROR_GALLERY,M1_MIRROR_GALLERY,world_overlay,phase_pack,demo_full,true,1,PLANNED,true,210,gatam,M2_DEMO_COMPLETE,TBD,
AUD_AMB_M1_MIRROR_GALLERY,M1_MIRROR_GALLERY,ambient_audio,base_loop,demo_full,true,1,PLANNED,true,NOne,gatam,M2_DEMO_COMPLETE,TBD,
ART_BG_M1_DINING_ROOM,M1_DINING_ROOM,background,base,demo_full,true,1,PLANNED,true,210,gatam,M2_DEMO_COMPLETE,TBD,
ART_OVR_M1_DINING_ROOM,M1_DINING_ROOM,world_overlay,phase_pack,demo_full,true,1,PLANNED,true,210,gatam,M2_DEMO_COMPLETE,TBD,
AUD_AMB_M1_DINING_ROOM,M1_DINING_ROOM,ambient_audio,base_loop,demo_full,true,1,PLANNED,true,NOne,gatam,M2_DEMO_COMPLETE,TBD,
ART_BG_M1_LIBRARY_OUTER,M1_LIBRARY_OUTER,background,base,demo_full,true,1,PLANNED,true,210,gatam,M2_DEMO_COMPLETE,TBD,
ART_OVR_M1_LIBRARY_OUTER,M1_LIBRARY_OUTER,world_overlay,phase_pack,demo_full,true,1,PLANNED,true,210,gatam,M2_DEMO_COMPLETE,TBD,
AUD_AMB_M1_LIBRARY_OUTER,M1_LIBRARY_OUTER,ambient_audio,base_loop,demo_full,true,1,PLANNED,true,NOne,gatam,M2_DEMO_COMPLETE,TBD,
ART_BG_M1_LIBRARY_INNER,M1_LIBRARY_INNER,background,base,demo_full,true,1,PLANNED,true,210,gatam,M2_DEMO_COMPLETE,TBD,
ART_OVR_M1_LIBRARY_INNER,M1_LIBRARY_INNER,world_overlay,phase_pack,demo_full,true,1,PLANNED,true,210,gatam,M2_DEMO_COMPLETE,TBD,
AUD_AMB_M1_LIBRARY_INNER,M1_LIBRARY_INNER,ambient_audio,base_loop,demo_full,true,1,PLANNED,true,NOne,gatam,M2_DEMO_COMPLETE,TBD,
ART_BG_M1_NORTH_ARCHIVE_HALL,M1_NORTH_ARCHIVE_HALL,background,base,demo_full,true,1,PLANNED,true,210,gatam,M2_DEMO_COMPLETE,TBD,
ART_OVR_M1_NORTH_ARCHIVE_HALL,M1_NORTH_ARCHIVE_HALL,world_overlay,phase_pack,demo_full,true,1,PLANNED,true,210,gatam,M2_DEMO_COMPLETE,TBD,
AUD_AMB_M1_NORTH_ARCHIVE_HALL,M1_NORTH_ARCHIVE_HALL,ambient_audio,base_loop,demo_full,true,1,PLANNED,true,NOne,gatam,M2_DEMO_COMPLETE,TBD,
ART_BG_M1_PORTRAIT_STORAGE,M1_PORTRAIT_STORAGE,background,base,demo_full,true,1,PLANNED,true,210,gatam,M2_DEMO_COMPLETE,TBD,
ART_OVR_M1_PORTRAIT_STORAGE,M1_PORTRAIT_STORAGE,world_overlay,phase_pack,demo_full,true,1,PLANNED,true,210,gatam,M2_DEMO_COMPLETE,TBD,
AUD_AMB_M1_PORTRAIT_STORAGE,M1_PORTRAIT_STORAGE,ambient_audio,base_loop,demo_full,true,1,PLANNED,true,NOne,gatam,M2_DEMO_COMPLETE,TBD,
ART_BG_M1_COLOR_ROOM_ENTRY,M1_COLOR_ROOM_ENTRY,background,base,demo_full,true,1,PLANNED,true,210,gatam,M2_DEMO_COMPLETE,TBD,
ART_OVR_M1_COLOR_ROOM_ENTRY,M1_COLOR_ROOM_ENTRY,world_overlay,phase_pack,demo_full,true,1,PLANNED,true,210,gatam,M2_DEMO_COMPLETE,TBD,
AUD_AMB_M1_COLOR_ROOM_ENTRY,M1_COLOR_ROOM_ENTRY,ambient_audio,base_loop,demo_full,true,1,PLANNED,true,NOne,gatam,M2_DEMO_COMPLETE,TBD,
ART_BG_M1_WEST_HALL,M1_WEST_HALL,background,base,demo_full,true,1,PLANNED,true,210,gatam,M2_DEMO_COMPLETE,TBD,
ART_OVR_M1_WEST_HALL,M1_WEST_HALL,world_overlay,phase_pack,demo_full,true,1,PLANNED,true,210,gatam,M2_DEMO_COMPLETE,TBD,
AUD_AMB_M1_WEST_HALL,M1_WEST_HALL,ambient_audio,base_loop,demo_full,true,1,PLANNED,true,NOne,gatam,M2_DEMO_COMPLETE,TBD,
ART_BG_M1_GREAT_CLOCK,M1_GREAT_CLOCK,background,base,demo_full,true,1,PLANNED,true,210,gatam,M2_DEMO_COMPLETE,TBD,
ART_OVR_M1_GREAT_CLOCK,M1_GREAT_CLOCK,world_overlay,phase_pack,demo_full,true,1,PLANNED,true,210,gatam,M2_DEMO_COMPLETE,TBD,
AUD_AMB_M1_GREAT_CLOCK,M1_GREAT_CLOCK,ambient_audio,base_loop,demo_full,true,1,PLANNED,true,NOne,gatam,M2_DEMO_COMPLETE,TBD,
ART_BG_M1_BASEMENT_ENTRY,M1_BASEMENT_ENTRY,background,base,demo_full,true,1,PLANNED,true,210,gatam,M2_DEMO_COMPLETE,TBD,
ART_OVR_M1_BASEMENT_ENTRY,M1_BASEMENT_ENTRY,world_overlay,phase_pack,demo_full,true,1,PLANNED,true,210,gatam,M2_DEMO_COMPLETE,TBD,
AUD_AMB_M1_BASEMENT_ENTRY,M1_BASEMENT_ENTRY,ambient_audio,base_loop,demo_full,true,1,PLANNED,true,NOne,gatam,M2_DEMO_COMPLETE,TBD,
ART_BG_M1_EAST_HALL,M1_EAST_HALL,background,base,demo_full,true,1,PLANNED,true,210,gatam,M2_DEMO_COMPLETE,TBD,
ART_OVR_M1_EAST_HALL,M1_EAST_HALL,world_overlay,phase_pack,demo_full,true,1,PLANNED,true,210,gatam,M2_DEMO_COMPLETE,TBD,
AUD_AMB_M1_EAST_HALL,M1_EAST_HALL,ambient_audio,base_loop,demo_full,true,1,PLANNED,true,NOne,gatam,M2_DEMO_COMPLETE,TBD,
ART_BG_M1_KITCHEN,M1_KITCHEN,background,base,demo_full,true,1,PLANNED,true,210,gatam,M2_DEMO_COMPLETE,TBD,
ART_OVR_M1_KITCHEN,M1_KITCHEN,world_overlay,phase_pack,demo_full,true,1,PLANNED,true,210,gatam,M2_DEMO_COMPLETE,TBD,
AUD_AMB_M1_KITCHEN,M1_KITCHEN,ambient_audio,base_loop,demo_full,true,1,PLANNED,true,NOne,gatam,M2_DEMO_COMPLETE,TBD,
ART_BG_M1_GREENHOUSE_VESTIBULE,M1_GREENHOUSE_VESTIBULE,background,base,demo_full,true,1,PLANNED,true,210,gatam,M2_DEMO_COMPLETE,TBD,
ART_OVR_M1_GREENHOUSE_VESTIBULE,M1_GREENHOUSE_VESTIBULE,world_overlay,phase_pack,demo_full,true,1,PLANNED,true,210,gatam,M2_DEMO_COMPLETE,TBD,
AUD_AMB_M1_GREENHOUSE_VESTIBULE,M1_GREENHOUSE_VESTIBULE,ambient_audio,base_loop,demo_full,true,1,PLANNED,true,NOne,gatam,M2_DEMO_COMPLETE,TBD,
ART_BG_M1_GREENHOUSE,M1_GREENHOUSE,background,base,demo_full,true,1,PLANNED,true,210,gatam,M2_DEMO_COMPLETE,TBD,
ART_OVR_M1_GREENHOUSE,M1_GREENHOUSE,world_overlay,phase_pack,demo_full,true,1,PLANNED,true,210,gatam,M2_DEMO_COMPLETE,TBD,
AUD_AMB_M1_GREENHOUSE,M1_GREENHOUSE,ambient_audio,base_loop,demo_full,true,1,PLANNED,true,NOne,gatam,M2_DEMO_COMPLETE,TBD,
ART_BG_M1_SERVICE_HALL,M1_SERVICE_HALL,background,base,demo_full,true,1,PLANNED,true,210,gatam,M2_DEMO_COMPLETE,TBD,
ART_OVR_M1_SERVICE_HALL,M1_SERVICE_HALL,world_overlay,phase_pack,demo_full,true,1,PLANNED,true,210,gatam,M2_DEMO_COMPLETE,TBD,
AUD_AMB_M1_SERVICE_HALL,M1_SERVICE_HALL,ambient_audio,base_loop,demo_full,true,1,PLANNED,true,NOne,gatam,M2_DEMO_COMPLETE,TBD,
ART_BG_M1_SERVANT_COMMON,M1_SERVANT_COMMON,background,base,demo_full,true,1,PLANNED,true,210,gatam,M2_DEMO_COMPLETE,TBD,
ART_OVR_M1_SERVANT_COMMON,M1_SERVANT_COMMON,world_overlay,phase_pack,demo_full,true,1,PLANNED,true,210,gatam,M2_DEMO_COMPLETE,TBD,
AUD_AMB_M1_SERVANT_COMMON,M1_SERVANT_COMMON,ambient_audio,base_loop,demo_full,true,1,PLANNED,true,NOne,gatam,M2_DEMO_COMPLETE,TBD,
ART_BG_M1_TOOL_ROOM,M1_TOOL_ROOM,background,base,demo_full,true,1,PLANNED,true,210,gatam,M2_DEMO_COMPLETE,TBD,
ART_OVR_M1_TOOL_ROOM,M1_TOOL_ROOM,world_overlay,phase_pack,demo_full,true,1,PLANNED,true,210,gatam,M2_DEMO_COMPLETE,TBD,
AUD_AMB_M1_TOOL_ROOM,M1_TOOL_ROOM,ambient_audio,base_loop,demo_full,true,1,PLANNED,true,NOne,gatam,M2_DEMO_COMPLETE,TBD,
ART_BG_M1_WIRING_ROOM,M1_WIRING_ROOM,background,base,demo_full,true,1,PLANNED,true,210,gatam,M2_DEMO_COMPLETE,TBD,
ART_OVR_M1_WIRING_ROOM,M1_WIRING_ROOM,world_overlay,phase_pack,demo_full,true,1,PLANNED,true,210,gatam,M2_DEMO_COMPLETE,TBD,
AUD_AMB_M1_WIRING_ROOM,M1_WIRING_ROOM,ambient_audio,base_loop,demo_full,true,1,PLANNED,true,NOne,gatam,M2_DEMO_COMPLETE,TBD,
ART_BG_B1_BASEMENT_STAIR,B1_BASEMENT_STAIR,background,base,demo_full,true,1,PLANNED,true,210,gatam,M2_DEMO_COMPLETE,TBD,
ART_OVR_B1_BASEMENT_STAIR,B1_BASEMENT_STAIR,world_overlay,phase_pack,demo_full,true,1,PLANNED,true,210,gatam,M2_DEMO_COMPLETE,TBD,
AUD_AMB_B1_BASEMENT_STAIR,B1_BASEMENT_STAIR,ambient_audio,base_loop,demo_full,true,1,PLANNED,true,NOne,gatam,M2_DEMO_COMPLETE,TBD,
ART_BG_B1_AXIS_CHAMBER,B1_AXIS_CHAMBER,background,base,demo_full,true,1,PLANNED,true,210,gatam,M2_DEMO_COMPLETE,TBD,
ART_OVR_B1_AXIS_CHAMBER,B1_AXIS_CHAMBER,world_overlay,phase_pack,demo_full,true,1,PLANNED,true,210,gatam,M2_DEMO_COMPLETE,TBD,
AUD_AMB_B1_AXIS_CHAMBER,B1_AXIS_CHAMBER,ambient_audio,base_loop,demo_full,true,1,PLANNED,true,NOne,gatam,M2_DEMO_COMPLETE,TBD,
ART_BG_B1_STORAGE,B1_STORAGE,background,base,demo_full,true,1,PLANNED,true,210,gatam,M2_DEMO_COMPLETE,TBD,
ART_OVR_B1_STORAGE,B1_STORAGE,world_overlay,phase_pack,demo_full,true,1,PLANNED,true,210,gatam,M2_DEMO_COMPLETE,TBD,
AUD_AMB_B1_STORAGE,B1_STORAGE,ambient_audio,base_loop,demo_full,true,1,PLANNED,true,NOne,gatam,M2_DEMO_COMPLETE,TBD,
ART_BG_B1_CLOCKWORK_HEART,B1_CLOCKWORK_HEART,background,base,demo_full,true,1,PLANNED,true,210,gatam,M2_DEMO_COMPLETE,TBD,
ART_OVR_B1_CLOCKWORK_HEART,B1_CLOCKWORK_HEART,world_overlay,phase_pack,demo_full,true,1,PLANNED,true,210,gatam,M2_DEMO_COMPLETE,TBD,
AUD_AMB_B1_CLOCKWORK_HEART,B1_CLOCKWORK_HEART,ambient_audio,base_loop,demo_full,true,1,PLANNED,true,NOne,gatam,M2_DEMO_COMPLETE,TBD,
ART_BG_H0_SERVICE_SPINE,H0_SERVICE_SPINE,background,base,full_only,true,1,PLANNED,true,210,gatam,FULL_00_CONTENT_LOCK,TBD,
ART_OVR_H0_SERVICE_SPINE,H0_SERVICE_SPINE,world_overlay,phase_pack,full_only,true,1,PLANNED,true,210,gatam,FULL_00_CONTENT_LOCK,TBD,
AUD_AMB_H0_SERVICE_SPINE,H0_SERVICE_SPINE,ambient_audio,base_loop,full_only,true,1,PLANNED,true,NOne,gatam,FULL_00_CONTENT_LOCK,TBD,
ART_BG_H0_CLOCK_MACHINE,H0_CLOCK_MACHINE,background,base,full_only,true,1,PLANNED,true,210,gatam,FULL_00_CONTENT_LOCK,TBD,
ART_OVR_H0_CLOCK_MACHINE,H0_CLOCK_MACHINE,world_overlay,phase_pack,full_only,true,1,PLANNED,true,210,gatam,FULL_00_CONTENT_LOCK,TBD,
AUD_AMB_H0_CLOCK_MACHINE,H0_CLOCK_MACHINE,ambient_audio,base_loop,full_only,true,1,PLANNED,true,NOne,gatam,FULL_00_CONTENT_LOCK,TBD,
ART_BG_H0_LIFE_SUPPORT,H0_LIFE_SUPPORT,background,base,full_only,true,1,PLANNED,true,210,gatam,FULL_00_CONTENT_LOCK,TBD,
ART_OVR_H0_LIFE_SUPPORT,H0_LIFE_SUPPORT,world_overlay,phase_pack,full_only,true,1,PLANNED,true,210,gatam,FULL_00_CONTENT_LOCK,TBD,
AUD_AMB_H0_LIFE_SUPPORT,H0_LIFE_SUPPORT,ambient_audio,base_loop,full_only,true,1,PLANNED,true,NOne,gatam,FULL_00_CONTENT_LOCK,TBD,
ART_BG_H0_CLIMATE_CONTROL,H0_CLIMATE_CONTROL,background,base,full_only,true,1,PLANNED,true,210,gatam,FULL_00_CONTENT_LOCK,TBD,
ART_OVR_H0_CLIMATE_CONTROL,H0_CLIMATE_CONTROL,world_overlay,phase_pack,full_only,true,1,PLANNED,true,210,gatam,FULL_00_CONTENT_LOCK,TBD,
AUD_AMB_H0_CLIMATE_CONTROL,H0_CLIMATE_CONTROL,ambient_audio,base_loop,full_only,true,1,PLANNED,true,NOne,gatam,FULL_00_CONTENT_LOCK,TBD,
ART_BG_H0_COLOR_SEPARATION,H0_COLOR_SEPARATION,background,base,full_only,true,1,PLANNED,true,210,gatam,FULL_00_CONTENT_LOCK,TBD,
ART_OVR_H0_COLOR_SEPARATION,H0_COLOR_SEPARATION,world_overlay,phase_pack,full_only,true,1,PLANNED,true,210,gatam,FULL_00_CONTENT_LOCK,TBD,
AUD_AMB_H0_COLOR_SEPARATION,H0_COLOR_SEPARATION,ambient_audio,base_loop,full_only,true,1,PLANNED,true,NOne,gatam,FULL_00_CONTENT_LOCK,TBD,
ART_BG_H0_PERSONALITY_ARCHIVE,H0_PERSONALITY_ARCHIVE,background,base,full_only,true,1,PLANNED,true,210,gatam,FULL_00_CONTENT_LOCK,TBD,
ART_OVR_H0_PERSONALITY_ARCHIVE,H0_PERSONALITY_ARCHIVE,world_overlay,phase_pack,full_only,true,1,PLANNED,true,210,gatam,FULL_00_CONTENT_LOCK,TBD,
AUD_AMB_H0_PERSONALITY_ARCHIVE,H0_PERSONALITY_ARCHIVE,ambient_audio,base_loop,full_only,true,1,PLANNED,true,NOne,gatam,FULL_00_CONTENT_LOCK,TBD,
ART_BG_H0_CORE_PATH,H0_CORE_PATH,background,base,full_only,true,1,PLANNED,true,210,gatam,FULL_00_CONTENT_LOCK,TBD,
ART_OVR_H0_CORE_PATH,H0_CORE_PATH,world_overlay,phase_pack,full_only,true,1,PLANNED,true,210,gatam,FULL_00_CONTENT_LOCK,TBD,
AUD_AMB_H0_CORE_PATH,H0_CORE_PATH,ambient_audio,base_loop,full_only,true,1,PLANNED,true,NOne,gatam,FULL_00_CONTENT_LOCK,TBD,
ART_BG_H0_CORE_RECORDS,H0_CORE_RECORDS,background,base,full_only,true,1,PLANNED,true,210,gatam,FULL_00_CONTENT_LOCK,TBD,
ART_OVR_H0_CORE_RECORDS,H0_CORE_RECORDS,world_overlay,phase_pack,full_only,true,1,PLANNED,true,210,gatam,FULL_00_CONTENT_LOCK,TBD,
AUD_AMB_H0_CORE_RECORDS,H0_CORE_RECORDS,ambient_audio,base_loop,full_only,true,1,PLANNED,true,NOne,gatam,FULL_00_CONTENT_LOCK,TBD,
ART_BG_H0_CORE_CHAMBER,H0_CORE_CHAMBER,background,base,full_only,true,1,PLANNED,true,210,gatam,FULL_00_CONTENT_LOCK,TBD,
ART_OVR_H0_CORE_CHAMBER,H0_CORE_CHAMBER,world_overlay,phase_pack,full_only,true,1,PLANNED,true,210,gatam,FULL_00_CONTENT_LOCK,TBD,
AUD_AMB_H0_CORE_CHAMBER,H0_CORE_CHAMBER,ambient_audio,base_loop,full_only,true,1,PLANNED,true,NOne,gatam,FULL_00_CONTENT_LOCK,TBD,
ART_BG_R0_CRYO_CHAMBER,R0_CRYO_CHAMBER,background,base,full_only,true,1,PLANNED,true,210,gatam,FULL_00_CONTENT_LOCK,TBD,
AUD_AMB_R0_CRYO_CHAMBER,R0_CRYO_CHAMBER,ambient_audio,base_loop,full_only,true,1,PLANNED,true,NOne,gatam,FULL_00_CONTENT_LOCK,TBD,
ART_BG_R0_FACILITY_EXIT,R0_FACILITY_EXIT,background,base,full_only,true,1,PLANNED,true,210,gatam,FULL_00_CONTENT_LOCK,TBD,
AUD_AMB_R0_FACILITY_EXIT,R0_FACILITY_EXIT,ambient_audio,base_loop,full_only,true,1,PLANNED,true,NOne,gatam,FULL_00_CONTENT_LOCK,TBD,
ART_BG_R0_SURFACE_THRESHOLD,R0_SURFACE_THRESHOLD,background,base,full_only,true,1,PLANNED,true,210,gatam,FULL_00_CONTENT_LOCK,TBD,
AUD_AMB_R0_SURFACE_THRESHOLD,R0_SURFACE_THRESHOLD,ambient_audio,base_loop,full_only,true,1,PLANNED,true,NOne,gatam,FULL_00_CONTENT_LOCK,TBD,
ART_OBJ_ARCHIVE_NAMEPLATES,OBJ_ARCHIVE_NAMEPLATES,object_state,state_pack,demo_full,true,1,PLANNED,true,210,gatam,M2_DEMO_COMPLETE,TBD,
ART_OBJ_ARCHIVE_PORTRAIT_01,OBJ_ARCHIVE_PORTRAIT_01,object_state,state_pack,demo_full,true,1,PLANNED,true,210,gatam,M2_DEMO_COMPLETE,TBD,
ART_OBJ_BASEMENT_AXIS_DEVICE,OBJ_BASEMENT_AXIS_DEVICE,object_state,state_pack,demo_full,true,1,PLANNED,true,210,gatam,M2_DEMO_COMPLETE,TBD,
ART_OBJ_BEDROOM_BED,OBJ_BEDROOM_BED,object_state,state_pack,demo_full,true,1,PLANNED,true,210,gatam,M2_DEMO_COMPLETE,TBD,
ART_OBJ_BEDROOM_CALL_CORD,OBJ_BEDROOM_CALL_CORD,object_state,state_pack,demo_full,true,1,PLANNED,true,210,gatam,M2_DEMO_COMPLETE,TBD,
ART_OBJ_BEDROOM_MIRROR,OBJ_BEDROOM_MIRROR,object_state,state_pack,demo_full,true,1,PLANNED,true,210,gatam,M2_DEMO_COMPLETE,TBD,
ART_OBJ_BEDROOM_WINDOW,OBJ_BEDROOM_WINDOW,object_state,state_pack,demo_full,true,1,PLANNED,true,210,gatam,M2_DEMO_COMPLETE,TBD,
ART_OBJ_COLOR_SEPARATOR_PANEL,OBJ_COLOR_SEPARATOR_PANEL,object_state,state_pack,full_only,true,1,PLANNED,true,210,gatam,FULL_00_CONTENT_LOCK,TBD,
ART_OBJ_CORE_LOOP_STABILIZER,OBJ_CORE_LOOP_STABILIZER,object_state,state_pack,full_only,true,1,PLANNED,true,210,gatam,FULL_00_CONTENT_LOCK,TBD,
ART_OBJ_CORE_NOTEBOOK_TERMINAL,OBJ_CORE_NOTEBOOK_TERMINAL,object_state,state_pack,full_only,true,1,PLANNED,true,210,gatam,FULL_00_CONTENT_LOCK,TBD,
ART_OBJ_CORE_WAKE_DEVICE,OBJ_CORE_WAKE_DEVICE,object_state,state_pack,full_only,true,1,PLANNED,true,210,gatam,FULL_00_CONTENT_LOCK,TBD,
ART_OBJ_DINING_TABLE,OBJ_DINING_TABLE,object_state,state_pack,demo_full,true,1,PLANNED,true,210,gatam,M2_DEMO_COMPLETE,TBD,
ART_OBJ_EMERGENCY_REST_CAPSULE,OBJ_EMERGENCY_REST_CAPSULE,object_state,state_pack,full_only,true,1,PLANNED,true,210,gatam,FULL_00_CONTENT_LOCK,TBD,
ART_OBJ_GREENHOUSE_DOOR,OBJ_GREENHOUSE_DOOR,object_state,state_pack,demo_full,true,1,PLANNED,true,210,gatam,M2_DEMO_COMPLETE,TBD,
ART_OBJ_GREENHOUSE_PLANTER,OBJ_GREENHOUSE_PLANTER,object_state,state_pack,demo_full,true,1,PLANNED,true,210,gatam,M2_DEMO_COMPLETE,TBD,
ART_OBJ_HALL_CALL_CORD,OBJ_HALL_CALL_CORD,object_state,state_pack,demo_full,true,1,PLANNED,true,210,gatam,M2_DEMO_COMPLETE,TBD,
ART_OBJ_HALL_FAMILY_PORTRAIT,OBJ_HALL_FAMILY_PORTRAIT,object_state,state_pack,demo_full,true,1,PLANNED,true,210,gatam,M2_DEMO_COMPLETE,TBD,
ART_OBJ_HALL_WALLPAPER,OBJ_HALL_WALLPAPER,object_state,state_pack,demo_full,true,1,PLANNED,true,210,gatam,M2_DEMO_COMPLETE,TBD,
ART_OBJ_KITCHEN_LIFE_PIPE,OBJ_KITCHEN_LIFE_PIPE,object_state,state_pack,demo_full,true,1,PLANNED,true,210,gatam,M2_DEMO_COMPLETE,TBD,
ART_OBJ_KITCHEN_TEA_SET,OBJ_KITCHEN_TEA_SET,object_state,state_pack,demo_full,true,1,PLANNED,true,210,gatam,M2_DEMO_COMPLETE,TBD,
ART_OBJ_LIBRARY_INDEX_DRAWERS,OBJ_LIBRARY_INDEX_DRAWERS,object_state,state_pack,demo_full,true,1,PLANNED,true,210,gatam,M2_DEMO_COMPLETE,TBD,
ART_OBJ_LIBRARY_INNER_SHELVES,OBJ_LIBRARY_INNER_SHELVES,object_state,state_pack,demo_full,true,1,PLANNED,true,210,gatam,M2_DEMO_COMPLETE,TBD,
ART_OBJ_LIBRARY_JOURNAL,OBJ_LIBRARY_JOURNAL,object_state,state_pack,demo_full,true,1,PLANNED,true,210,gatam,M2_DEMO_COMPLETE,TBD,
ART_OBJ_LIBRARY_JOURNAL_DESK,OBJ_LIBRARY_JOURNAL_DESK,object_state,state_pack,demo_full,true,1,PLANNED,true,210,gatam,M2_DEMO_COMPLETE,TBD,
ART_OBJ_LIBRARY_MAP_FLOOR,OBJ_LIBRARY_MAP_FLOOR,object_state,state_pack,demo_full,true,1,PLANNED,true,210,gatam,M2_DEMO_COMPLETE,TBD,
ART_OBJ_LIBRARY_OUTER_SHELVES,OBJ_LIBRARY_OUTER_SHELVES,object_state,state_pack,demo_full,true,1,PLANNED,true,210,gatam,M2_DEMO_COMPLETE,TBD,
ART_OBJ_LIBRARY_OUTER_CLOCK,OBJ_LIBRARY_OUTER_CLOCK,object_state,state_pack,demo_full,true,1,PLANNED,true,210,gatam,PROD_01_VERTICAL_SLICE,TBD,
ART_OBJ_LIBRARY_PORTRAIT_LATCH,OBJ_LIBRARY_PORTRAIT_LATCH,object_state,state_pack,demo_full,true,1,PLANNED,true,210,gatam,M2_DEMO_COMPLETE,TBD,
ART_OBJ_LIBRARY_RECORD_CLOCK,OBJ_LIBRARY_RECORD_CLOCK,object_state,state_pack,demo_full,true,1,PLANNED,true,210,gatam,M2_DEMO_COMPLETE,TBD,
ART_OBJ_LIBRARY_SERVICE_ALCOVE,OBJ_LIBRARY_SERVICE_ALCOVE,object_state,state_pack,demo_full,true,1,PLANNED,true,210,gatam,M2_DEMO_COMPLETE,TBD,
ART_OBJ_MIRROR_BLACK,OBJ_MIRROR_BLACK,object_state,state_pack,demo_full,true,1,PLANNED,true,210,gatam,M2_DEMO_COMPLETE,TBD,
ART_OBJ_PERSONALITY_ARCHIVE_TERMINAL,OBJ_PERSONALITY_ARCHIVE_TERMINAL,object_state,state_pack,full_only,true,1,PLANNED,true,210,gatam,FULL_00_CONTENT_LOCK,TBD,
ART_OBJ_REALITY_BREATH_MONITOR,OBJ_REALITY_BREATH_MONITOR,object_state,state_pack,full_only,true,1,PLANNED,true,210,gatam,FULL_00_CONTENT_LOCK,TBD,
ART_OBJ_REALITY_CAPSULE_GLASS,OBJ_REALITY_CAPSULE_GLASS,object_state,state_pack,full_only,true,1,PLANNED,true,210,gatam,FULL_00_CONTENT_LOCK,TBD,
ART_OBJ_REALITY_DISTANT_SIGNAL,OBJ_REALITY_DISTANT_SIGNAL,object_state,state_pack,full_only,true,1,PLANNED,true,210,gatam,FULL_00_CONTENT_LOCK,TBD,
ART_OBJ_REALITY_DRY_PLANTER,OBJ_REALITY_DRY_PLANTER,object_state,state_pack,full_only,true,1,PLANNED,true,210,gatam,FULL_00_CONTENT_LOCK,TBD,
ART_OBJ_REALITY_EMPTY_STAND,OBJ_REALITY_EMPTY_STAND,object_state,state_pack,full_only,true,1,PLANNED,true,210,gatam,FULL_00_CONTENT_LOCK,TBD,
ART_OBJ_REALITY_EXIT_PANEL,OBJ_REALITY_EXIT_PANEL,object_state,state_pack,full_only,true,1,PLANNED,true,210,gatam,FULL_00_CONTENT_LOCK,TBD,
ART_OBJ_REALITY_FIELD_NOTEBOOK,OBJ_REALITY_FIELD_NOTEBOOK,object_state,state_pack,full_only,true,1,PLANNED,true,210,gatam,FULL_00_CONTENT_LOCK,TBD,
ART_OBJ_REALITY_HAND,OBJ_REALITY_HAND,object_state,state_pack,full_only,true,1,PLANNED,true,210,gatam,FULL_00_CONTENT_LOCK,TBD,
ART_OBJ_REALITY_NAME_WALL,OBJ_REALITY_NAME_WALL,object_state,state_pack,full_only,true,1,PLANNED,true,210,gatam,FULL_00_CONTENT_LOCK,TBD,
ART_OBJ_REALITY_RESTRAINT,OBJ_REALITY_RESTRAINT,object_state,state_pack,full_only,true,1,PLANNED,true,210,gatam,FULL_00_CONTENT_LOCK,TBD,
ART_OBJ_REALITY_TOOLBOX,OBJ_REALITY_TOOLBOX,object_state,state_pack,full_only,true,1,PLANNED,true,210,gatam,FULL_00_CONTENT_LOCK,TBD,
ART_OBJ_STAY_APPEARANCE_CONTROL,OBJ_STAY_APPEARANCE_CONTROL,object_state,state_pack,full_only,true,1,PLANNED,true,210,gatam,FULL_00_CONTENT_LOCK,TBD,
ART_OBJ_STAY_AUTONOMY_CHARTER,OBJ_STAY_AUTONOMY_CHARTER,object_state,state_pack,full_only,true,1,PLANNED,true,210,gatam,FULL_00_CONTENT_LOCK,TBD,
ART_OBJ_STAY_CALL_CORD,OBJ_STAY_CALL_CORD,object_state,state_pack,full_only,true,1,PLANNED,true,210,gatam,FULL_00_CONTENT_LOCK,TBD,
ART_OBJ_STAY_CARPET,OBJ_STAY_CARPET,object_state,state_pack,full_only,true,1,PLANNED,true,210,gatam,FULL_00_CONTENT_LOCK,TBD,
ART_OBJ_STAY_CLOCK,OBJ_STAY_CLOCK,object_state,state_pack,full_only,true,1,PLANNED,true,210,gatam,FULL_00_CONTENT_LOCK,TBD,
ART_OBJ_STAY_FRONT_DOOR,OBJ_STAY_FRONT_DOOR,object_state,state_pack,full_only,true,1,PLANNED,true,210,gatam,FULL_00_CONTENT_LOCK,TBD,
ART_OBJ_STAY_MEMORY_CHARTER,OBJ_STAY_MEMORY_CHARTER,object_state,state_pack,full_only,true,1,PLANNED,true,210,gatam,FULL_00_CONTENT_LOCK,TBD,
ART_OBJ_STAY_NOTEBOOK,OBJ_STAY_NOTEBOOK,object_state,state_pack,full_only,true,1,PLANNED,true,210,gatam,FULL_00_CONTENT_LOCK,TBD,
ART_OBJ_STAY_PORTRAIT_LABEL,OBJ_STAY_PORTRAIT_LABEL,object_state,state_pack,full_only,true,1,PLANNED,true,210,gatam,FULL_00_CONTENT_LOCK,TBD,
ART_OBJ_STAY_RAPIER,OBJ_STAY_RAPIER,object_state,state_pack,full_only,true,1,PLANNED,true,210,gatam,FULL_00_CONTENT_LOCK,TBD,
ART_OBJ_STAY_SCHEDULE,OBJ_STAY_SCHEDULE,object_state,state_pack,full_only,true,1,PLANNED,true,210,gatam,FULL_00_CONTENT_LOCK,TBD,
ART_OBJ_STAY_SEASON_WINDOW,OBJ_STAY_SEASON_WINDOW,object_state,state_pack,full_only,true,1,PLANNED,true,210,gatam,FULL_00_CONTENT_LOCK,TBD,
ART_OBJ_STAY_STAIN,OBJ_STAY_STAIN,object_state,state_pack,full_only,true,1,PLANNED,true,210,gatam,FULL_00_CONTENT_LOCK,TBD,
ART_OBJ_STAY_TEA,OBJ_STAY_TEA,object_state,state_pack,full_only,true,1,PLANNED,true,210,gatam,FULL_00_CONTENT_LOCK,TBD,
ART_OBJ_SUBJECT_NOTEBOOK_SIM,OBJ_SUBJECT_NOTEBOOK_SIM,object_state,state_pack,demo_full,true,1,PLANNED,true,210,gatam,M2_DEMO_COMPLETE,TBD,
ART_SERVANT_OBJ_EDGAR_LOCK_PORT,SERVANT_OBJ_EDGAR_LOCK_PORT,object_state,state_pack,full_only,true,1,PLANNED,true,210,gatam,FULL_00_CONTENT_LOCK,TBD,
ART_SERVANT_OBJ_IRIS_SENSOR_MEMBRANE,SERVANT_OBJ_IRIS_SENSOR_MEMBRANE,object_state,state_pack,full_only,true,1,PLANNED,true,210,gatam,FULL_00_CONTENT_LOCK,TBD,
ART_SERVANT_OBJ_LUCA_BIO_PORT,SERVANT_OBJ_LUCA_BIO_PORT,object_state,state_pack,full_only,true,1,PLANNED,true,210,gatam,FULL_00_CONTENT_LOCK,TBD,
ART_SERVANT_OBJ_MARA1_MAINTENANCE_PORT,SERVANT_OBJ_MARA1_MAINTENANCE_PORT,object_state,state_pack,full_only,true,1,PLANNED,true,210,gatam,FULL_00_CONTENT_LOCK,TBD,
ART_SERVANT_OBJ_MARA2_ARCHIVE_PORT,SERVANT_OBJ_MARA2_ARCHIVE_PORT,object_state,state_pack,full_only,true,1,PLANNED,true,210,gatam,FULL_00_CONTENT_LOCK,TBD,
ART_CHR_SUBJECT_SHEET,SUBJECT,character_sheet,model_sheet,demo_full,true,1,PLANNED,true,210,gatam,M2_DEMO_COMPLETE,TBD,
ART_CHR_SUBJECT_PORTRAIT,SUBJECT,portrait_set,expressions,demo_full,true,8,PLANNED,true,210,gatam,M2_DEMO_COMPLETE,TBD,
ART_CHR_SUBJECT_POSE,SUBJECT,pose_set,body_poses,demo_full,true,6,PLANNED,true,210,gatam,M2_DEMO_COMPLETE,TBD,
ART_CHR_SUBJECT_FRACTURE,SUBJECT,character_overlay,fracture_pack,demo_full,true,3,PLANNED,true,210,gatam,M2_DEMO_COMPLETE,TBD,
ART_CHR_EDGAR_SHEET,EDGAR,character_sheet,model_sheet,demo_full,true,1,PLANNED,true,210,gatam,M2_DEMO_COMPLETE,TBD,
ART_CHR_EDGAR_PORTRAIT,EDGAR,portrait_set,expressions,demo_full,true,10,PLANNED,true,210,gatam,M2_DEMO_COMPLETE,TBD,
ART_CHR_EDGAR_POSE,EDGAR,pose_set,body_poses,demo_full,true,6,PLANNED,true,210,gatam,M2_DEMO_COMPLETE,TBD,
ART_CHR_EDGAR_FRACTURE,EDGAR,character_overlay,fracture_pack,demo_full,true,4,PLANNED,true,210,gatam,M2_DEMO_COMPLETE,TBD,
ART_CHR_MARA1_SHEET,MARA1,character_sheet,model_sheet,demo_full,true,1,PLANNED,true,210,gatam,M2_DEMO_COMPLETE,TBD,
ART_CHR_MARA1_PORTRAIT,MARA1,portrait_set,expressions,demo_full,true,10,PLANNED,true,210,gatam,M2_DEMO_COMPLETE,TBD,
ART_CHR_MARA1_POSE,MARA1,pose_set,body_poses,demo_full,true,6,PLANNED,true,210,gatam,M2_DEMO_COMPLETE,TBD,
ART_CHR_MARA1_FRACTURE,MARA1,character_overlay,fracture_pack,demo_full,true,4,PLANNED,true,210,gatam,M2_DEMO_COMPLETE,TBD,
ART_CHR_LUCA_SHEET,LUCA,character_sheet,model_sheet,demo_full,true,1,PLANNED,true,210,gatam,M2_DEMO_COMPLETE,TBD,
ART_CHR_LUCA_PORTRAIT,LUCA,portrait_set,expressions,demo_full,true,10,PLANNED,true,210,gatam,M2_DEMO_COMPLETE,TBD,
ART_CHR_LUCA_POSE,LUCA,pose_set,body_poses,demo_full,true,6,PLANNED,true,210,gatam,M2_DEMO_COMPLETE,TBD,
ART_CHR_LUCA_FRACTURE,LUCA,character_overlay,fracture_pack,demo_full,true,4,PLANNED,true,210,gatam,M2_DEMO_COMPLETE,TBD,
ART_CHR_IRIS_SHEET,IRIS,character_sheet,model_sheet,demo_full,true,1,PLANNED,true,210,gatam,M2_DEMO_COMPLETE,TBD,
ART_CHR_IRIS_PORTRAIT,IRIS,portrait_set,expressions,demo_full,true,10,PLANNED,true,210,gatam,M2_DEMO_COMPLETE,TBD,
ART_CHR_IRIS_POSE,IRIS,pose_set,body_poses,demo_full,true,6,PLANNED,true,210,gatam,M2_DEMO_COMPLETE,TBD,
ART_CHR_IRIS_FRACTURE,IRIS,character_overlay,fracture_pack,demo_full,true,4,PLANNED,true,210,gatam,M2_DEMO_COMPLETE,TBD,
ART_CHR_MARA2_SHEET,MARA2,character_sheet,model_sheet,demo_full,true,1,PLANNED,true,210,gatam,M2_DEMO_COMPLETE,TBD,
ART_CHR_MARA2_PORTRAIT,MARA2,portrait_set,expressions,demo_full,true,10,PLANNED,true,210,gatam,M2_DEMO_COMPLETE,TBD,
ART_CHR_MARA2_POSE,MARA2,pose_set,body_poses,demo_full,true,6,PLANNED,true,210,gatam,M2_DEMO_COMPLETE,TBD,
ART_CHR_MARA2_FRACTURE,MARA2,character_overlay,fracture_pack,demo_full,true,4,PLANNED,true,210,gatam,M2_DEMO_COMPLETE,TBD,
UI_TITLE,UI_TITLE,ui,screen_pack,demo_full,true,1,PLANNED,true,210,beru,M2_DEMO_COMPLETE,TBD,
UI_FIRST_RUN_ACCESS,UI_FIRST_RUN_ACCESS,ui,screen_pack,demo_full,true,1,PLANNED,true,210,beru,M2_DEMO_COMPLETE,TBD,
UI_SETTINGS,UI_SETTINGS,ui,screen_pack,demo_full,true,1,PLANNED,true,210,beru,M2_DEMO_COMPLETE,TBD,
UI_SAVE_SLOTS,UI_SAVE_SLOTS,ui,screen_pack,demo_full,true,1,PLANNED,true,210,beru,M2_DEMO_COMPLETE,TBD,
UI_DIALOGUE,UI_DIALOGUE,ui,screen_pack,demo_full,true,1,PLANNED,true,210,beru,M2_DEMO_COMPLETE,TBD,
UI_DIALOGUE_HISTORY,UI_DIALOGUE_HISTORY,ui,screen_pack,demo_full,true,1,PLANNED,true,210,beru,M2_DEMO_COMPLETE,TBD,
UI_INVENTORY,UI_INVENTORY,ui,screen_pack,demo_full,true,1,PLANNED,true,210,beru,M2_DEMO_COMPLETE,TBD,
UI_NOTEBOOK,UI_NOTEBOOK,ui,screen_pack,demo_full,true,1,PLANNED,true,210,beru,M2_DEMO_COMPLETE,TBD,
UI_MAP,UI_MAP,ui,screen_pack,demo_full,true,1,PLANNED,true,210,beru,M2_DEMO_COMPLETE,TBD,
UI_PUZZLE_COMMON,UI_PUZZLE_COMMON,ui,screen_pack,demo_full,true,1,PLANNED,true,210,beru,M2_DEMO_COMPLETE,TBD,
UI_DEMO_END,UI_DEMO_END,ui,screen_pack,demo_full,true,1,PLANNED,true,210,beru,M2_DEMO_COMPLETE,TBD,
UI_CREDITS,UI_CREDITS,ui,screen_pack,full_only,true,1,PLANNED,true,210,beru,FULL_00_CONTENT_LOCK,TBD,
UI_ENDING_GALLERY,UI_ENDING_GALLERY,ui,screen_pack,full_only,true,1,PLANNED,true,210,beru,FULL_00_CONTENT_LOCK,TBD,
ART_PUZ_B3_A_PANEL,B3_A,puzzle_art,panel,demo_full,true,1,PLANNED,true,210,gatam,M2_DEMO_COMPLETE,TBD,
VFX_PUZ_B3_A_STATE,B3_A,puzzle_vfx,state_feedback,demo_full,true,1,PLANNED,true,210,beru,M2_DEMO_COMPLETE,TBD,
AUD_PUZ_B3_A,B3_A,puzzle_audio,cue_pack,demo_full,true,1,PLANNED,true,NOne,gatam,M2_DEMO_COMPLETE,TBD,
ART_PUZ_B3_B_PANEL,B3_B,puzzle_art,panel,demo_full,true,1,PLANNED,true,210,gatam,M2_DEMO_COMPLETE,TBD,
VFX_PUZ_B3_B_STATE,B3_B,puzzle_vfx,state_feedback,demo_full,true,1,PLANNED,true,210,beru,M2_DEMO_COMPLETE,TBD,
AUD_PUZ_B3_B,B3_B,puzzle_audio,cue_pack,demo_full,true,1,PLANNED,true,NOne,gatam,M2_DEMO_COMPLETE,TBD,
ART_PUZ_C3_PANEL,C3,puzzle_art,panel,demo_full,true,1,PLANNED,true,210,gatam,M2_DEMO_COMPLETE,TBD,
VFX_PUZ_C3_STATE,C3,puzzle_vfx,state_feedback,demo_full,true,1,PLANNED,true,210,beru,M2_DEMO_COMPLETE,TBD,
AUD_PUZ_C3,C3,puzzle_audio,cue_pack,demo_full,true,1,PLANNED,true,NOne,gatam,M2_DEMO_COMPLETE,TBD,
ART_PUZ_C4_PANEL,C4,puzzle_art,panel,demo_full,true,1,PLANNED,true,210,gatam,M2_DEMO_COMPLETE,TBD,
VFX_PUZ_C4_STATE,C4,puzzle_vfx,state_feedback,demo_full,true,1,PLANNED,true,210,beru,M2_DEMO_COMPLETE,TBD,
AUD_PUZ_C4,C4,puzzle_audio,cue_pack,demo_full,true,1,PLANNED,true,NOne,gatam,M2_DEMO_COMPLETE,TBD,
ART_PUZ_C5_PANEL,C5,puzzle_art,panel,demo_full,true,1,PLANNED,true,210,gatam,M2_DEMO_COMPLETE,TBD,
VFX_PUZ_C5_STATE,C5,puzzle_vfx,state_feedback,demo_full,true,1,PLANNED,true,210,beru,M2_DEMO_COMPLETE,TBD,
AUD_PUZ_C5,C5,puzzle_audio,cue_pack,demo_full,true,1,PLANNED,true,NOne,gatam,M2_DEMO_COMPLETE,TBD,
ART_PUZ_D0_A_PANEL,D0_A,puzzle_art,panel,demo_full,true,1,PLANNED,true,210,gatam,M2_DEMO_COMPLETE,TBD,
VFX_PUZ_D0_A_STATE,D0_A,puzzle_vfx,state_feedback,demo_full,true,1,PLANNED,true,210,beru,M2_DEMO_COMPLETE,TBD,
AUD_PUZ_D0_A,D0_A,puzzle_audio,cue_pack,demo_full,true,1,PLANNED,true,NOne,gatam,M2_DEMO_COMPLETE,TBD,
ART_PUZ_D1_PANEL,D1,puzzle_art,panel,demo_full,true,1,PLANNED,true,210,gatam,M2_DEMO_COMPLETE,TBD,
VFX_PUZ_D1_STATE,D1,puzzle_vfx,state_feedback,demo_full,true,1,PLANNED,true,210,beru,M2_DEMO_COMPLETE,TBD,
AUD_PUZ_D1,D1,puzzle_audio,cue_pack,demo_full,true,1,PLANNED,true,NOne,gatam,M2_DEMO_COMPLETE,TBD,
ART_PUZ_D4_PANEL,D4,puzzle_art,panel,demo_full,true,1,PLANNED,true,210,gatam,M2_DEMO_COMPLETE,TBD,
VFX_PUZ_D4_STATE,D4,puzzle_vfx,state_feedback,demo_full,true,1,PLANNED,true,210,beru,M2_DEMO_COMPLETE,TBD,
AUD_PUZ_D4,D4,puzzle_audio,cue_pack,demo_full,true,1,PLANNED,true,NOne,gatam,M2_DEMO_COMPLETE,TBD,
ART_PUZ_E3_5_PANEL,E3_5,puzzle_art,panel,full_only,true,1,PLANNED,true,210,gatam,FULL_00_CONTENT_LOCK,TBD,
VFX_PUZ_E3_5_STATE,E3_5,puzzle_vfx,state_feedback,full_only,true,1,PLANNED,true,210,beru,FULL_00_CONTENT_LOCK,TBD,
AUD_PUZ_E3_5,E3_5,puzzle_audio,cue_pack,full_only,true,1,PLANNED,true,NOne,gatam,FULL_00_CONTENT_LOCK,TBD,
ART_PUZ_F0_A_PANEL,F0_A,puzzle_art,panel,full_only,true,1,PLANNED,true,210,gatam,FULL_00_CONTENT_LOCK,TBD,
VFX_PUZ_F0_A_STATE,F0_A,puzzle_vfx,state_feedback,full_only,true,1,PLANNED,true,210,beru,FULL_00_CONTENT_LOCK,TBD,
AUD_PUZ_F0_A,F0_A,puzzle_audio,cue_pack,full_only,true,1,PLANNED,true,NOne,gatam,FULL_00_CONTENT_LOCK,TBD,
ART_PUZ_F0_B_PANEL,F0_B,puzzle_art,panel,full_only,true,1,PLANNED,true,210,gatam,FULL_00_CONTENT_LOCK,TBD,
VFX_PUZ_F0_B_STATE,F0_B,puzzle_vfx,state_feedback,full_only,true,1,PLANNED,true,210,beru,FULL_00_CONTENT_LOCK,TBD,
AUD_PUZ_F0_B,F0_B,puzzle_audio,cue_pack,full_only,true,1,PLANNED,true,NOne,gatam,FULL_00_CONTENT_LOCK,TBD,
ART_PUZ_F0_C_PANEL,F0_C,puzzle_art,panel,full_only,true,1,PLANNED,true,210,gatam,FULL_00_CONTENT_LOCK,TBD,
VFX_PUZ_F0_C_STATE,F0_C,puzzle_vfx,state_feedback,full_only,true,1,PLANNED,true,210,beru,FULL_00_CONTENT_LOCK,TBD,
AUD_PUZ_F0_C,F0_C,puzzle_audio,cue_pack,full_only,true,1,PLANNED,true,NOne,gatam,FULL_00_CONTENT_LOCK,TBD,
ART_PUZ_F0_D_PANEL,F0_D,puzzle_art,panel,full_only,true,1,PLANNED,true,210,gatam,FULL_00_CONTENT_LOCK,TBD,
VFX_PUZ_F0_D_STATE,F0_D,puzzle_vfx,state_feedback,full_only,true,1,PLANNED,true,210,beru,FULL_00_CONTENT_LOCK,TBD,
AUD_PUZ_F0_D,F0_D,puzzle_audio,cue_pack,full_only,true,1,PLANNED,true,NOne,gatam,FULL_00_CONTENT_LOCK,TBD,
ART_PUZ_F0_E_PANEL,F0_E,puzzle_art,panel,full_only,true,1,PLANNED,true,210,gatam,FULL_00_CONTENT_LOCK,TBD,
VFX_PUZ_F0_E_STATE,F0_E,puzzle_vfx,state_feedback,full_only,true,1,PLANNED,true,210,beru,FULL_00_CONTENT_LOCK,TBD,
AUD_PUZ_F0_E,F0_E,puzzle_audio,cue_pack,full_only,true,1,PLANNED,true,NOne,gatam,FULL_00_CONTENT_LOCK,TBD,
ART_EVT_NORMAL_RESET,NORMAL_RESET,event_art,transition_pack,demo_full,true,1,PLANNED,true,210,gatam,M2_DEMO_COMPLETE,TBD,
AUD_EVT_NORMAL_RESET,NORMAL_RESET,event_audio,cue_pack,demo_full,true,1,PLANNED,true,NOne,gatam,M2_DEMO_COMPLETE,TBD,
ART_EVT_D5_FILTER_BREAK,D5_FILTER_BREAK,event_art,transition_pack,demo_full,true,1,PLANNED,true,210,gatam,M2_DEMO_COMPLETE,TBD,
AUD_EVT_D5_FILTER_BREAK,D5_FILTER_BREAK,event_audio,cue_pack,demo_full,true,1,PLANNED,true,NOne,gatam,M2_DEMO_COMPLETE,TBD,
ART_EVT_BROKEN_RESET,BROKEN_RESET,event_art,transition_pack,full_only,true,1,PLANNED,true,210,gatam,FULL_00_CONTENT_LOCK,TBD,
AUD_EVT_BROKEN_RESET,BROKEN_RESET,event_audio,cue_pack,full_only,true,1,PLANNED,true,NOne,gatam,FULL_00_CONTENT_LOCK,TBD,
ART_EVT_JOURNAL_RESTORE,JOURNAL_RESTORE,event_art,transition_pack,demo_full,true,1,PLANNED,true,210,gatam,M2_DEMO_COMPLETE,TBD,
AUD_EVT_JOURNAL_RESTORE,JOURNAL_RESTORE,event_audio,cue_pack,demo_full,true,1,PLANNED,true,NOne,gatam,M2_DEMO_COMPLETE,TBD,
ART_EVT_E_HUB_STABILIZE,E_HUB_STABILIZE,event_art,transition_pack,full_only,true,1,PLANNED,true,210,gatam,FULL_00_CONTENT_LOCK,TBD,
AUD_EVT_E_HUB_STABILIZE,E_HUB_STABILIZE,event_audio,cue_pack,full_only,true,1,PLANNED,true,NOne,gatam,FULL_00_CONTENT_LOCK,TBD,
ART_EVT_F0_CORE_PATH,F0_CORE_PATH,event_art,transition_pack,full_only,true,1,PLANNED,true,210,gatam,FULL_00_CONTENT_LOCK,TBD,
AUD_EVT_F0_CORE_PATH,F0_CORE_PATH,event_audio,cue_pack,full_only,true,1,PLANNED,true,NOne,gatam,FULL_00_CONTENT_LOCK,TBD,
ART_EVT_EDR_WAKE,EDR_WAKE,event_art,transition_pack,full_only,true,1,PLANNED,true,210,gatam,FULL_00_CONTENT_LOCK,TBD,
AUD_EVT_EDR_WAKE,EDR_WAKE,event_audio,cue_pack,full_only,true,1,PLANNED,true,NOne,gatam,FULL_00_CONTENT_LOCK,TBD,
ART_EVT_EDS_TABLEAU,EDS_TABLEAU,event_art,transition_pack,full_only,true,1,PLANNED,true,210,gatam,FULL_00_CONTENT_LOCK,TBD,
AUD_EVT_EDS_TABLEAU,EDS_TABLEAU,event_audio,cue_pack,full_only,true,1,PLANNED,true,NOne,gatam,FULL_00_CONTENT_LOCK,TBD,
VFX_SIG_EDGAR,EDGAR,signature_vfx,pattern_pack,demo_full,true,1,PLANNED,true,210,gatam,M2_DEMO_COMPLETE,TBD,
AUD_SIG_EDGAR,EDGAR,signature_audio,identity_cue,demo_full,true,1,PLANNED,true,NOne,gatam,M2_DEMO_COMPLETE,TBD,
VFX_SIG_MARA1,MARA1,signature_vfx,pattern_pack,demo_full,true,1,PLANNED,true,210,gatam,M2_DEMO_COMPLETE,TBD,
AUD_SIG_MARA1,MARA1,signature_audio,identity_cue,demo_full,true,1,PLANNED,true,NOne,gatam,M2_DEMO_COMPLETE,TBD,
VFX_SIG_LUCA,LUCA,signature_vfx,pattern_pack,demo_full,true,1,PLANNED,true,210,gatam,M2_DEMO_COMPLETE,TBD,
AUD_SIG_LUCA,LUCA,signature_audio,identity_cue,demo_full,true,1,PLANNED,true,NOne,gatam,M2_DEMO_COMPLETE,TBD,
VFX_SIG_IRIS,IRIS,signature_vfx,pattern_pack,demo_full,true,1,PLANNED,true,210,gatam,M2_DEMO_COMPLETE,TBD,
AUD_SIG_IRIS,IRIS,signature_audio,identity_cue,demo_full,true,1,PLANNED,true,NOne,gatam,M2_DEMO_COMPLETE,TBD,
VFX_SIG_MARA2,MARA2,signature_vfx,pattern_pack,demo_full,true,1,PLANNED,true,210,gatam,M2_DEMO_COMPLETE,TBD,
AUD_SIG_MARA2,MARA2,signature_audio,identity_cue,demo_full,true,1,PLANNED,true,NOne,gatam,M2_DEMO_COMPLETE,TBD,
VFX_SIG_SUBJECT,SUBJECT,signature_vfx,pattern_pack,demo_full,true,1,PLANNED,true,210,gatam,M2_DEMO_COMPLETE,TBD,
AUD_SIG_SUBJECT,SUBJECT,signature_audio,identity_cue,demo_full,true,1,PLANNED,true,NOne,gatam,M2_DEMO_COMPLETE,TBD,
BGM_TITLE,TITLE,bgm,loop,demo_full,true,1,PLANNED,true,NOne,gatam,M2_DEMO_COMPLETE,TBD,
BGM_S0_ROUTINE,S0_ROUTINE,bgm,loop,demo_full,true,1,PLANNED,true,NOne,gatam,M2_DEMO_COMPLETE,TBD,
BGM_S1_SUSPICION,S1_SUSPICION,bgm,loop,demo_full,true,1,PLANNED,true,NOne,gatam,M2_DEMO_COMPLETE,TBD,
BGM_S2_LEAK,S2_LEAK,bgm,loop,demo_full,true,1,PLANNED,true,NOne,gatam,M2_DEMO_COMPLETE,TBD,
BGM_D5_BREAK,D5_BREAK,bgm,loop,demo_full,true,1,PLANNED,true,NOne,gatam,M2_DEMO_COMPLETE,TBD,
BGM_S3_FRACTURE,S3_FRACTURE,bgm,loop,full_only,true,1,PLANNED,true,NOne,gatam,FULL_00_CONTENT_LOCK,TBD,
BGM_S4_CORE,S4_CORE,bgm,loop,full_only,true,1,PLANNED,true,NOne,gatam,FULL_00_CONTENT_LOCK,TBD,
BGM_S5_STAY,S5_STAY,bgm,loop,full_only,true,1,PLANNED,true,NOne,gatam,FULL_00_CONTENT_LOCK,TBD,
BGM_R0_REALITY,R0_REALITY,bgm,loop,full_only,true,1,PLANNED,true,NOne,gatam,FULL_00_CONTENT_LOCK,TBD,
BGM_CREDITS,CREDITS,bgm,loop,full_only,true,1,PLANNED,true,NOne,gatam,FULL_00_CONTENT_LOCK,TBD,
SFX_NORMAL_RESET_SLEEP,NORMAL_RESET_SLEEP,sfx,base,demo_full,true,1,PLANNED,true,NOne,gatam,M2_DEMO_COMPLETE,TBD,
SFX_NORMAL_RESET_COMMIT,NORMAL_RESET_COMMIT,sfx,base,demo_full,true,1,PLANNED,true,NOne,gatam,M2_DEMO_COMPLETE,TBD,
SFX_CLOCK_BELL_13,CLOCK_BELL_13,sfx,base,demo_full,true,1,PLANNED,true,NOne,gatam,M2_DEMO_COMPLETE,TBD,
SFX_CLOCK_NETWORK_LOCK,CLOCK_NETWORK_LOCK,sfx,base,demo_full,true,1,PLANNED,true,NOne,gatam,M2_DEMO_COMPLETE,TBD,
SFX_MIRROR_CLEAN,MIRROR_CLEAN,sfx,base,demo_full,true,1,PLANNED,true,NOne,gatam,M2_DEMO_COMPLETE,TBD,
SFX_MIRROR_REVEAL,MIRROR_REVEAL,sfx,base,demo_full,true,1,PLANNED,true,NOne,gatam,M2_DEMO_COMPLETE,TBD,
SFX_JOURNAL_RESTORE,JOURNAL_RESTORE,sfx,base,demo_full,true,1,PLANNED,true,NOne,gatam,M2_DEMO_COMPLETE,TBD,
SFX_NOTEBOOK_WRITE,NOTEBOOK_WRITE,sfx,base,demo_full,true,1,PLANNED,true,NOne,gatam,M2_DEMO_COMPLETE,TBD,
SFX_SHORTCUT_CONFIRM,SHORTCUT_CONFIRM,sfx,base,demo_full,true,1,PLANNED,true,NOne,gatam,M2_DEMO_COMPLETE,TBD,
SFX_HARD_FAILURE_COMMIT,HARD_FAILURE_COMMIT,sfx,base,demo_full,true,1,PLANNED,true,NOne,gatam,M2_DEMO_COMPLETE,TBD,
SFX_DOOR_LOCK,DOOR_LOCK,sfx,base,demo_full,true,1,PLANNED,true,NOne,gatam,M2_DEMO_COMPLETE,TBD,
SFX_DOOR_UNLOCK,DOOR_UNLOCK,sfx,base,demo_full,true,1,PLANNED,true,NOne,gatam,M2_DEMO_COMPLETE,TBD,
SFX_ITEM_PICKUP,ITEM_PICKUP,sfx,base,demo_full,true,1,PLANNED,true,NOne,gatam,M2_DEMO_COMPLETE,TBD,
SFX_PUZZLE_VALIDATE,PUZZLE_VALIDATE,sfx,base,demo_full,true,1,PLANNED,true,NOne,gatam,M2_DEMO_COMPLETE,TBD,
SFX_PUZZLE_REJECT,PUZZLE_REJECT,sfx,base,demo_full,true,1,PLANNED,true,NOne,gatam,M2_DEMO_COMPLETE,TBD,
SFX_UI_FOCUS,UI_FOCUS,sfx,base,demo_full,true,1,PLANNED,true,NOne,gatam,M2_DEMO_COMPLETE,TBD,
SFX_UI_CONFIRM,UI_CONFIRM,sfx,base,demo_full,true,1,PLANNED,true,NOne,gatam,M2_DEMO_COMPLETE,TBD,
SFX_UI_CANCEL,UI_CANCEL,sfx,base,demo_full,true,1,PLANNED,true,NOne,gatam,M2_DEMO_COMPLETE,TBD,
SFX_SAVE_START,SAVE_START,sfx,base,demo_full,true,1,PLANNED,true,NOne,gatam,M2_DEMO_COMPLETE,TBD,
SFX_SAVE_COMPLETE,SAVE_COMPLETE,sfx,base,demo_full,true,1,PLANNED,true,NOne,gatam,M2_DEMO_COMPLETE,TBD,
FONT_UI_KO,FONT_UI_KO,font,korean_ui,demo_full,true,1,PLANNED,true,210,beru,M2_DEMO_COMPLETE,TBD,
FONT_UI_LATIN,FONT_UI_LATIN,font,latin_ui,demo_full,true,1,PLANNED,true,210,beru,M2_DEMO_COMPLETE,TBD,
FONT_SYMBOL_FALLBACK,FONT_SYMBOL_FALLBACK,font,symbol_fallback,demo_full,true,1,PLANNED,true,210,beru,M2_DEMO_COMPLETE,TBD,
SHD_GLITCH_MASK,GLITCH_MASK,shader,glitch_mask,demo_full,true,1,PLANNED,true,beru,210,M2_DEMO_COMPLETE,TBD,
SHD_COLOR_SIGNATURE,COLOR_SIGNATURE,shader,color_signature,demo_full,true,1,PLANNED,true,beru,210,M2_DEMO_COMPLETE,TBD,
SHD_D5_TRANSITION,D5_TRANSITION,shader,d5_transition,demo_full,true,1,PLANNED,true,beru,210,M2_DEMO_COMPLETE,TBD,
SHD_REDUCED_MOTION_FALLBACK,REDUCED_MOTION_FALLBACK,shader,reduced_motion_fallback,demo_full,true,1,PLANNED,true,beru,210,M2_DEMO_COMPLETE,TBD,
STORE_CAPSULE_HEADER,CAPSULE_HEADER,store_asset,steam,store_only,true,1,PLANNED,true,210,beru,STEAM_02_STORE_PUBLIC,TBD,
STORE_CAPSULE_SMALL,CAPSULE_SMALL,store_asset,steam,store_only,true,1,PLANNED,true,210,beru,STEAM_02_STORE_PUBLIC,TBD,
STORE_CAPSULE_MAIN,CAPSULE_MAIN,store_asset,steam,store_only,true,1,PLANNED,true,210,beru,STEAM_02_STORE_PUBLIC,TBD,
STORE_CAPSULE_VERTICAL,CAPSULE_VERTICAL,store_asset,steam,store_only,true,1,PLANNED,true,210,beru,STEAM_02_STORE_PUBLIC,TBD,
STORE_LIBRARY_HERO,LIBRARY_HERO,store_asset,steam,store_only,true,1,PLANNED,true,210,beru,STEAM_02_STORE_PUBLIC,TBD,
STORE_SCREENSHOTS,SCREENSHOTS,store_asset,steam,store_only,true,5,PLANNED,true,210,beru,STEAM_02_STORE_PUBLIC,TBD,
STORE_TRAILER,TRAILER,store_asset,steam,store_only,true,1,PLANNED,true,210,beru,STEAM_02_STORE_PUBLIC,TBD,
STORE_LOGO_KO,LOGO_KO,store_asset,steam,store_only,true,1,PLANNED,true,210,beru,STEAM_02_STORE_PUBLIC,TBD,
STORE_LOGO_EN,LOGO_EN,store_asset,steam,store_only,true,1,PLANNED,true,210,beru,STEAM_02_STORE_PUBLIC,TBD,
